,weekly_self_study_hours,attendance_percentage,class_participation,total_score
weekly_self_study_hours,1.0,-0.0010078774897768993,0.0012442972906951308,0.8122414301053834
attendance_percentage,-0.0010078774897768993,1.0,-4.321653910381621e-05,-0.0010138159883891973
class_participation,0.0012442972906951308,-4.321653910381621e-05,1.0,0.0006835440548680444
total_score,0.8122414301053834,-0.0010138159883891973,0.0006835440548680444,1.0
